timestamp,open,high,low,close,volume
2020-01-02,43.5,43.55,42.95,43.2,3211367
2020-01-03,43.2,43.2,42.2,42.45,5025504
2020-01-06,42.4,42.4,41.9,42,2970761
2020-01-07,42,43.05,42,43,3259757
2020-01-08,43,43.25,42.7,42.75,1546905
2020-01-09,42.5,43,42.25,42.95,1931609
2020-01-10,42.95,43,42.65,43,1194941
2020-01-13,43.5,43.65,43.05,43.25,2151094
2020-01-14,43.25,43.3,43.05,43.05,1190694
2020-01-15,43.1,43.3,42.8,42.85,1259874
2020-01-16,42.8,42.9,42.5,42.9,1214157
2020-01-17,43,43.1,42.8,43,875086
2020-01-20,43.15,43.15,42.5,42.6,1692952
2020-01-30,40.8,41.15,40,40.4,4849249
2020-01-31,40.4,41.5,40.35,41.3,2110083
2020-02-03,40.05,41.1,39.9,41.05,2616942
2020-02-04,41,41.35,41,41.05,1277729
2020-02-05,41.1,41.5,40.9,41.05,1658714
2020-02-06,41.1,41.4,41,41.3,1791121
2020-02-07,41.3,41.4,40.45,40.5,3218845
2020-02-10,40.1,40.5,40.05,40.25,1890595
2020-02-11,40.25,40.7,40.15,40.5,2764454
2020-02-12,40.75,40.8,40.2,40.65,1740899
2020-02-13,40.6,40.95,40.5,40.7,1240071
2020-02-14,40.7,40.9,40.65,40.75,996085
2020-02-17,40.7,41.15,40.7,40.95,976254
2020-02-18,40.95,42.4,40.95,41.45,2696615
2020-02-19,41.45,41.65,41.1,41.45,1485236
2020-02-20,41.6,41.8,41.3,41.3,2062599
2020-02-21,41.4,41.45,40.9,40.95,1961340
2020-02-24,40.95,40.95,40.5,40.55,1568643
2020-02-25,40.3,40.5,40.05,40.45,1835035
2020-02-26,40.2,40.4,40.15,40.15,1435433
2020-02-27,40.25,40.35,40.1,40.3,1207216
2020-03-02,39.8,40.3,39.65,40,1956912
2020-03-03,40.55,40.6,40.1,40.15,1125223
2020-03-04,40.15,40.15,39.9,40,1281472
2020-03-05,40.2,40.35,40.1,40.3,954351
2020-03-06,40.3,40.3,40,40.05,1289398
2020-03-09,40,40,38.65,38.65,5462180
2020-03-10,38.1,38.5,37.7,38.4,4281968
2020-03-11,38.6,39.25,38.6,38.7,2104877
2020-03-12,38.45,38.45,37.2,37.4,4082834
2020-03-13,35.65,36.85,34.8,36,5847020
2020-03-16,36,36.5,35.5,35.8,3243789
2020-03-17,34.9,35.85,34.6,35.25,4077225
2020-03-18,35.85,35.85,34.7,34.7,2788796
2020-03-19,33.4,33.95,31.4,32,5346375
2020-03-20,33.6,34.75,33.1,34.2,3006842
2020-03-23,33.2,33.85,32.45,33.3,1833370
2020-03-24,33.8,34.3,33.8,33.85,2355811
2020-03-25,35.2,35.35,34.8,34.9,2282916
2020-03-26,35.3,35.3,34.5,34.9,1384528
2020-03-27,35.3,35.4,35.1,35.1,2319437
2020-03-30,34.75,37.35,34.3,36.5,3746842
2020-03-31,37.25,38.15,36.8,36.95,4987188
2020-04-01,37,37.85,36.7,36.95,3857664
2020-04-06,37.15,37.2,36.55,37.05,2519462
2020-04-07,37.45,37.55,36.95,37.05,3023924
2020-04-08,37.1,37.45,37,37.15,2486780
2020-04-09,37.4,37.6,37.3,37.5,1905792
2020-04-10,37.6,37.95,37.5,37.8,1962446
2020-04-13,37.85,37.9,37.35,37.65,1873977
2020-04-14,37.6,38.5,37.6,38.45,3049048
2020-04-15,38.6,39.75,38.6,39.7,4357017
2020-04-16,39.3,39.5,39,39.4,2608594
2020-04-17,39.5,39.7,38.8,38.8,3624985
2020-04-20,38.9,39.6,38.9,39.45,2393139
2020-04-21,39.6,39.6,38.55,38.65,2199951
2020-04-22,38.4,38.7,37.95,38.55,1477395
2020-04-23,39,39.45,38.8,39.3,2275748
2020-04-24,39.5,40.15,39.4,39.8,4078843
2020-04-27,39.8,40,39.55,39.9,2393554
2020-04-28,40.05,40.7,39.95,40.7,3884493
2020-04-29,41.1,42.05,40.9,41.45,6206674
2020-04-30,41.65,41.75,41.1,41.45,3825856
2020-05-04,41.05,41.05,40.6,40.85,2236253
2020-05-05,41,42,41,41.95,5330717
2020-05-06,42.25,42.5,41.5,41.5,3930114
2020-05-07,41.7,42.3,41.55,42.25,2699177
2020-05-08,42.5,43.4,42.25,43.35,6101202
2020-05-11,43.2,43.25,42.55,43,4028211
2020-05-12,42.85,42.85,41.5,42.15,4957650
2020-05-13,41.8,42.5,41.55,42.35,2153540
2020-05-14,42.3,43,41.9,41.9,3781964
2020-05-15,42.6,43.15,42,42.8,4345805
2020-05-18,43.15,44.1,43.15,43.9,6341017
2020-05-19,44.5,44.95,43.8,44.8,8099522
2020-05-20,44.75,44.9,43.8,43.85,4384666
2020-05-21,43.4,44.25,43.4,44,2566624
2020-05-22,43.9,44,43.15,43.2,2784163
2020-05-25,43.2,44.45,43.2,44.25,3563273
2020-05-26,44.45,44.8,44.1,44.2,2844278
2020-05-27,44.4,44.55,44.1,44.15,1659772
2020-05-28,44.15,44.5,43.75,43.75,2094126
2020-05-29,43.55,44,43,43,2427317
2020-06-01,43.3,43.95,43.3,43.7,2147514
2020-06-02,44,44,43.5,43.8,882483
2020-06-03,43.8,44.1,43.65,44.1,1974429
2020-06-04,44.2,44.2,43.9,44.15,1361386
2020-06-05,44.15,44.35,43.9,44.2,2535804
2020-06-08,44.45,44.45,43.3,43.8,3661872
2020-06-09,43.8,43.9,43.35,43.55,2434363
2020-06-10,43.2,43.65,43.2,43.55,2387386
2020-06-11,43.35,43.55,42.55,42.55,3363579
2020-06-12,41.2,42.5,41.2,42.25,2578505
2020-06-15,42.5,43.45,42.5,42.7,1810827
2020-06-16,43.2,43.5,42.7,43.1,1635524
2020-06-17,43.8,44.3,43.1,43.1,2788494
2020-06-18,43.85,44.1,43.45,43.8,3181603
2020-06-19,43.9,43.9,43.1,43.1,2926285
2020-06-22,43.3,43.45,43,43.05,1322662
2020-06-23,43.35,43.35,43,43.1,857124
2020-06-24,43.2,43.3,42.9,43.05,1254868
2020-06-29,42.85,42.9,42.55,42.6,1448871
2020-06-30,42.8,42.9,42.65,42.65,988956
2020-07-01,42.7,43.1,42.7,42.95,1968482
2020-07-02,43,43.6,42.95,43.6,1685046
2020-07-03,43.75,43.9,43.4,43.45,3178781
2020-07-06,43.45,43.75,43.45,43.6,2246225
2020-07-07,43.7,44.2,43.65,43.8,2660850
2020-07-08,43.9,44.15,43.7,44.1,2353634
2020-07-09,44.1,44.4,43.9,44.05,2246611
2020-07-10,44.1,44.15,43.6,43.7,2074632
2020-07-13,44,45,43.95,44.95,5392103
2020-07-14,45.05,45.45,45,45.15,4963552
2020-07-15,45.65,47.2,45.4,47,6696809
2020-07-16,47.5,47.95,46.5,47.1,6493240
2020-07-17,46.8,47.05,46.1,46.2,4046953
2020-07-20,46.3,47.5,46.3,47.45,3408406
2020-07-21,47.45,47.45,46.6,46.9,3686768
2020-07-22,46.75,47.15,46.05,46.15,2505022
2020-07-23,46.25,46.65,46.2,46.45,1573900
2020-07-24,46.45,46.6,45.55,45.9,2624112
2020-07-27,45.55,45.85,45.45,45.6,2429017
2020-07-28,45.5,46.35,44.95,45.1,3230595
2020-07-29,45.1,45.9,45.05,45.3,1300546
2020-07-30,45.5,46.35,45.5,46.25,1387920
2020-07-31,46,46.5,45.75,46.1,1583964
2020-08-03,46.1,46.45,46.1,46.35,1546361
2020-08-04,46.6,46.6,46.2,46.25,1237520
2020-08-05,46.35,46.35,45.85,46,1399513
2020-08-06,46.35,46.4,45.75,45.85,1571694
2020-08-07,46.05,46.2,45.65,45.65,1919999
2020-08-10,46,47,46,47,2963392
2020-08-11,46.85,46.85,46.2,46.25,2251338
2020-08-12,46.3,46.55,45.85,46.15,1918076
2020-08-13,46.5,47.15,46.4,46.85,2690487
2020-08-14,46.8,47.25,46.4,47.15,2785864
2020-08-17,47.35,49.15,47.35,48.9,5933692
2020-08-18,49,49.5,48.3,48.95,4195687
2020-08-19,49.45,49.7,48.85,49.6,4356910
2020-08-20,49.65,49.65,47,47.9,6703516
2020-08-21,48.1,49.3,48.1,48.85,3294861
2020-08-24,48.8,49.25,48.65,48.75,2203437
2020-08-25,48.75,49,48.7,48.9,4711794
2020-08-26,49.2,49.25,48.8,48.9,4984423
2020-08-27,49,49.45,48.9,48.95,8239171
2020-08-28,46.65,46.75,46.2,46.45,8960781
2020-08-31,46.45,46.45,44.2,45.25,6817558
2020-09-01,45.45,45.85,44.25,44.45,4348581
2020-09-02,44.45,44.85,44.3,44.5,2775406
2020-09-03,44.6,44.6,43.2,43.5,7524278
2020-09-04,42.8,43.9,42.65,43.6,3727406
2020-09-07,43.6,43.8,43.1,43.5,2643680
2020-09-08,43.6,44.2,43.35,44.2,2444922
2020-09-09,44,44,43.5,43.55,2719697
2020-09-10,43.7,43.8,43.3,43.7,1204168
2020-09-11,43.75,43.75,43,43,2376128
2020-09-14,43.1,43.85,43,43.8,1662242
2020-09-15,44,44.15,43.55,43.6,1524373
2020-09-16,43.7,43.75,43.1,43.55,1252456
2020-09-17,43.85,44,43.7,43.9,1666193
2020-09-18,43.9,44.1,43.6,43.8,1887400
2020-09-21,43.9,44.15,43.8,43.9,1540623
2020-09-22,43.9,44,43.3,43.5,1704576
2020-09-23,43.5,43.5,42.8,42.85,2047327
2020-09-24,42.5,42.55,41.5,41.5,3886978
2020-09-25,42,42.15,41.75,42.1,2376652
2020-09-28,42.5,42.5,42,42.25,1286984
2020-09-29,42.35,42.55,42,42.1,1458235
2020-09-30,42.4,42.4,41.85,42.25,1975547
2020-10-05,42.25,43,42.25,42.95,1895700
2020-10-06,43.15,44.2,43.15,44.1,3204999
2020-10-07,44,44.15,43.75,44.1,2829274
2020-10-08,44.2,44.75,44.15,44.55,3021969
2020-10-12,44.7,45.2,44.7,44.9,3249902
2020-10-13,44.9,44.9,44.2,44.6,2487775
2020-10-14,44.6,45.3,44.55,44.9,2030774
2020-10-15,44.9,44.9,44.5,44.75,874335
2020-10-16,44.85,45,44.75,44.75,1101378
2020-10-19,44.95,45.35,44.85,45.25,2210158
2020-10-20,45.25,45.3,45,45.25,1873607
2020-10-21,45.35,45.5,45.3,45.5,1757374
2020-10-22,45.45,45.55,44.55,45.25,4124341
2020-10-23,45.55,45.55,45.25,45.3,992257
2020-10-26,45.35,45.8,45.3,45.6,2369560
2020-10-27,45.5,45.55,45.35,45.45,1643077
2020-10-28,45.5,45.8,45.4,45.7,2430654
2020-10-29,45.5,45.7,45.3,45.45,1109052
2020-10-30,45.45,45.6,44.9,44.95,1763745
2020-11-02,45,45.3,44.65,44.85,1809428
2020-11-03,44.9,45.2,44.9,44.9,1220237
2020-11-04,44.95,44.95,44.55,44.9,1078615
2020-11-05,45.15,45.4,45,45.15,954401
2020-11-06,45.2,45.35,44.95,45,956718
2020-11-09,45.2,45.25,44.9,45.15,1246666
2020-11-10,45.25,46.05,45.2,45.9,2258693
2020-11-11,45.9,46.45,45.85,46.45,2060078
2020-11-12,46.6,46.6,46,46.15,1735383
2020-11-13,46.5,47.1,46.4,46.6,3043283
2020-11-16,46.95,47.1,46.55,46.65,3000351
2020-11-17,46.9,46.9,46.35,46.8,2671446
2020-11-18,46.8,47.05,46.7,46.75,1175241
2020-11-19,46.6,46.8,46.35,46.4,1080902
2020-11-20,46.3,46.4,46.05,46.15,1267235
2020-11-23,46.15,46.85,46.15,46.65,2061708
2020-11-24,46.8,46.8,46.4,46.45,1524792
2020-11-25,46.6,47,46.55,46.65,1460297
2020-11-26,46.65,46.85,46.5,46.7,1226581
2020-11-27,46.7,47,46.7,47,1217449
2020-11-30,47.1,47.55,46.35,46.35,2625122
2020-12-01,46.55,46.8,46.5,46.6,1174935
2020-12-02,46.7,46.75,46.3,46.35,1641717
2020-12-03,46.35,46.55,46.25,46.25,1546946
2020-12-04,46.35,46.5,46.05,46.4,2458096
2020-12-07,46.5,46.7,46.1,46.1,1966042
2020-12-08,46.2,46.25,46.05,46.05,1296537
2020-12-09,46.05,46.4,46.05,46.3,1115782
2020-12-10,47,48,47,47.5,6974115
2020-12-11,47.55,47.6,46.5,46.9,3829057
2020-12-14,46.9,47,46.25,46.3,2361531
2020-12-15,46,46.2,45.65,45.7,2302309
2020-12-16,45.7,46.05,45.7,46,2125070
2020-12-17,46.05,46.1,45.55,45.6,1965190
2020-12-18,45.7,46.45,45.7,46.45,2182378
2020-12-21,46.55,46.65,45.9,46.6,1407164
2020-12-22,46.6,47.4,46.25,46.25,2597745
2020-12-23,46.35,46.75,46.3,46.7,973164
2020-12-24,46.85,47,46.7,46.8,1011300
2020-12-25,47.5,48.6,47.35,48.1,7905016
2020-12-28,48.5,51,48.5,51,13486282
2020-12-29,51.7,52.2,49.5,50.3,10741152
2020-12-30,50.4,50.4,49.6,49.95,3956668
2020-12-31,50.3,51.1,49.95,50.8,4196624
2021-01-04,51.3,52.5,50.6,51,10249814
2021-01-05,51,51,49.9,50.2,6559464
2021-01-06,50.5,50.7,49.15,49.65,4896782
2021-01-07,49.75,50.9,49.5,50,3901482
2021-01-08,50.4,50.5,49.6,50.1,3309110
2021-01-11,50.4,51.3,50.3,51,4501828
2021-01-12,50.9,50.9,50,50,3535959
2021-01-13,50.3,50.4,49.85,50.1,3274380
2021-01-14,50.2,50.2,49.85,49.85,2195615
2021-01-15,50,50,48.9,48.9,4201636
2021-01-18,48.75,48.9,48.25,48.5,2954176
2021-01-19,48.55,49.4,48.55,48.95,2064726
2021-01-20,48.85,48.9,47.5,47.65,4308495
2021-01-21,47.75,48.45,47.7,48,2286197
2021-01-22,48.5,49.3,48.5,49.2,2619764
2021-01-25,49.15,49.35,48.65,49,2274683
2021-01-26,49.2,49.45,48.55,48.85,2000074
2021-01-27,48.95,49.1,48.5,48.7,1945230
2021-01-28,48.5,48.7,48.2,48.7,2023971
2021-01-29,49.1,49.1,48.15,48.25,1713835
2021-02-01,48.25,48.25,47.75,47.9,2461954
2021-02-02,47.9,48.25,47.8,47.85,2721594
2021-02-03,48,48.35,47.85,48.3,1410190
2021-02-04,48.3,48.4,48,48.3,739483
2021-02-05,48.3,48.4,48,48.4,1573007
2021-02-17,49.7,49.7,48.6,48.95,2788079
2021-02-18,48.95,49.65,48.9,49.65,2610974
2021-02-19,49.85,50.4,49.75,50.3,4153790
2021-02-22,50.7,50.7,49.9,50,4103502
2021-02-23,50.1,50.6,49.8,50.2,3070776
2021-02-24,50.4,50.4,50,50.1,2396206
2021-02-25,50.4,50.4,50,50.3,1810745
2021-02-26,50,50.2,49.7,50,2512065
2021-03-02,50.3,50.4,49.85,49.85,1681674
2021-03-03,50,50.5,49.7,50.3,2951797
2021-03-04,50.3,51.9,50.2,50.7,5626789
2021-03-05,50.7,51.5,50.3,51,3271383
2021-03-08,51.5,53.2,51.5,53,10355687
2021-03-09,53,53.4,52.1,53.2,6152724
2021-03-10,53.5,54,53,53.2,4081066
2021-03-11,53.2,53.2,52,52.3,4711788
2021-03-12,52.5,52.9,52.1,52.7,1776982
2021-03-15,52.9,53,52.2,52.2,1835934
2021-03-16,52.4,52.5,51.9,52.4,1805421
2021-03-17,52.5,52.6,52.2,52.5,1597897
2021-03-18,52.7,52.8,52.5,52.5,1490518
2021-03-19,52.5,52.5,51.6,51.9,3426848
2021-03-22,52.1,52.6,51.8,52.6,2029133
2021-03-23,52.7,52.9,52.3,52.5,1734878
2021-03-24,52.6,53.1,52.6,52.9,2104394
2021-03-25,53,54.3,53,53.8,4763246
2021-03-26,54.4,54.4,53.8,54.1,2582756
2021-03-29,54.5,55,53.8,54.2,2876332
2021-03-30,54.3,54.7,53.9,54.7,2105286
2021-03-31,55,55.5,54.6,54.6,4264299
2021-04-01,55.4,55.5,54.3,54.5,4419978
2021-04-06,54.9,55.2,54,54.4,3829556
2021-04-07,54.2,54.5,53.9,54.5,2162223
2021-04-08,54.5,54.5,54,54.4,2343823
2021-04-09,54.4,54.4,54,54.2,2109320
2021-04-12,54.3,55.5,54.3,55.2,3012093
2021-04-13,55.4,56.8,55.4,56.1,3357627
2021-04-14,56.6,57.1,54.9,56.3,4778906
2021-04-15,56.4,56.8,56.1,56.5,2401350
2021-04-16,56.4,57.4,56,57,4283775
2021-04-19,57.1,58.5,57,58.4,5560568
2021-04-20,58.4,58.4,57.5,58,4146749
2021-04-21,58,58.3,57,57.7,4232590
2021-04-22,58.1,59.8,57.8,57.9,8108183
2021-04-23,58.1,59.1,56.5,57.5,5933893
2021-04-26,57.6,58.1,57.3,58,2894698
2021-04-27,58.3,58.4,57.8,58.1,2932262
2021-04-28,58.1,61.4,57.9,61.3,11179075
2021-04-29,61.6,62.9,59.5,59.9,9197960
2021-05-03,59.9,60.9,59.8,60.1,6230655
2021-05-04,60.4,60.8,57.5,58.9,7137207
2021-05-05,58.8,59.1,58,58.6,3318194
2021-05-06,59.1,59.5,57.8,58.7,2582280
2021-05-07,59.4,59.4,58.6,59.2,1653847
2021-05-10,59.3,60.5,59,60.5,4325275
2021-05-11,60,60.9,58.3,59.2,6380892
2021-05-12,58.4,58.7,53.4,55.4,11046040
2021-05-13,54.5,57.5,53.3,56.4,8368853
2021-05-14,57.2,57.7,55,56.4,4475009
2021-05-17,54.4,58.2,54.4,54.5,6522908
2021-05-18,55,57.1,54.9,57,4151600
2021-05-19,57,57.3,55.4,56.4,4451503
2021-05-20,56.5,57,55.6,56.9,2701539
2021-05-21,57.4,57.5,56.5,56.9,2219070
2021-05-24,56.9,56.9,56.1,56.5,1853945
2021-05-25,56.9,56.9,56.2,56.5,1955018
2021-05-26,56.5,56.7,56,56.6,1280563
2021-05-27,56.7,56.9,56.1,56.4,1880361
2021-05-28,56.3,56.9,56.3,56.6,1595476
2021-05-31,57,57.8,56.6,57.7,2654071
2021-06-01,58,58.5,57.5,58.1,1733547
2021-06-02,58.2,58.4,57.6,58.4,1896023
2021-06-03,58.5,59,58.2,58.4,1367023
2021-06-04,58.4,58.4,57.7,57.9,1290099
2021-06-07,58,58.1,56.9,57.5,1723463
2021-06-08,58,58.3,57.6,57.7,885504
2021-06-09,58,58,57.4,57.6,608560
2021-06-10,57.6,57.7,57.2,57.7,1059746
2021-06-11,57.9,58.2,57.7,57.9,1575802
2021-06-15,58.1,59,57.6,59,2827277
2021-06-16,59.1,59.7,58.7,59.2,1990234
2021-06-17,59,59.3,58.4,59,1553559
2021-06-18,58.9,59.1,58.4,59.1,2085555
2021-06-21,58.9,58.9,58.4,58.6,1328019
2021-06-22,59.2,59.3,58.5,59,1893143
2021-06-23,59,59.4,59,59.3,1916278
2021-06-24,59.5,60.2,59.3,59.9,2393018
2021-06-25,60,60.3,59.9,59.9,2203249
2021-06-28,59.9,60.9,59.9,60.8,3185546
2021-06-29,61.1,61.3,60.2,60.6,2379828
2021-06-30,60.8,60.8,60.1,60.1,2334947
2021-07-01,60.1,60.9,59.9,60.6,1994930
2021-07-02,60.9,60.9,60.2,60.4,1047290
2021-07-05,60.6,60.7,60.1,60.4,1343708
2021-07-06,60.6,60.6,60.1,60.4,1315929
2021-07-07,60.3,60.3,60,60.2,1192342
2021-07-08,60.1,60.2,60,60.1,1277021
2021-07-09,60,60.1,59.4,59.6,2412054
2021-07-12,60,60.2,59.5,59.7,1950772
2021-07-13,59.8,59.8,59.3,59.6,2004778
2021-07-14,59.6,59.6,59,59.3,1782916
2021-07-15,59.4,59.7,59,59.7,1180548
2021-07-16,59.8,60.2,59.6,60,1452884
2021-07-19,60,60,59.2,59.8,1699592
2021-07-20,59.5,59.6,59.2,59.3,1498678
2021-07-21,59.5,59.7,59.3,59.6,1288664
2021-07-22,59.7,59.9,59.5,59.7,1434502
2021-07-23,59.9,59.9,59.6,59.6,1168805
2021-07-26,59.7,60.2,59.6,59.9,1828701
2021-07-27,59.8,60.2,59.5,59.6,1794142
2021-07-28,59.5,59.7,58.7,59.3,2147750
2021-07-29,59.5,60.6,59.5,60,1839006
2021-07-30,60.3,60.6,60,60.1,1991790
2021-08-02,60.3,60.9,60.1,60.8,2465781
2021-08-03,60.9,61.2,60.7,61,1831067
2021-08-04,61.1,61.8,61,61.4,2677067
2021-08-05,61.4,61.4,60.7,60.8,2659551
2021-08-06,60.6,60.8,60.1,60.7,2260260
2021-08-09,58.6,58.6,56.6,57.5,13132408
2021-08-10,58,58,56.1,56.5,9360398
2021-08-11,56.5,56.5,55.1,55.5,8376868
2021-08-12,55.5,56.4,55.5,56.1,3752474
2021-08-13,56.1,56.4,55.5,55.9,3459614
2021-08-16,56,56.6,55.9,56.3,3589022
2021-08-17,56.4,57.4,56.4,56.8,2952652
2021-08-18,56.8,57,56.1,56.9,2333683
2021-08-19,57.2,57.2,56.1,56.2,3474690
2021-08-20,56.3,56.6,55.8,56.1,5240262
2021-08-23,51.9,53.8,51.8,53.8,6598127
2021-08-24,53.8,54.8,53.8,54.8,2395956
2021-08-25,55.5,55.6,54.5,54.9,2028172
2021-08-26,54.9,54.9,54.2,54.4,1814649
2021-08-27,54.1,54.5,54,54.5,1146634
2021-08-30,54.5,54.5,53.9,54.2,2627024
2021-08-31,54.3,54.4,54,54.1,1852975
2021-09-01,54.1,55.5,54.1,55.5,2378318
2021-09-02,55.5,55.8,55.3,55.6,1569179
2021-09-03,56.1,57,56,56.9,2965254
2021-09-06,57,57,56.1,56.2,2014997
2021-09-07,56.6,56.6,55.7,56,1261351
2021-09-08,56,56.2,55.5,55.7,1049397
2021-09-09,55.7,55.8,55.3,55.6,716568
2021-09-10,55.7,56.2,55.6,55.9,950788
2021-09-13,55.5,55.5,54.4,54.9,3819036
2021-09-14,54.9,55.1,54.6,54.9,1455834
2021-09-15,55,55,54.6,54.6,1303794
2021-09-16,54.8,54.8,54.3,54.4,1267001
2021-09-17,54.4,54.9,54.1,54.9,1906830
2021-09-22,54,54.2,53.8,54.1,2408379
2021-09-23,54.3,54.5,54.1,54.2,916524
2021-09-24,54.5,54.7,54.2,54.4,866226
2021-09-27,54.9,55.3,54.7,55.2,1869844
2021-09-28,55.5,55.8,55.1,55.2,1853413
2021-09-29,55.2,55.2,54.5,54.6,1399966
2021-09-30,54.6,54.9,54.3,54.9,1038132
2021-10-01,54.5,54.6,53.4,53.5,4272333
2021-10-04,53.7,54,53,53.2,1418397
2021-10-05,53.1,53.2,52.5,53.1,1441446
2021-10-06,53.2,53.4,52.8,53,1247129
2021-10-07,53.1,53.6,52.9,53.4,1145226
2021-10-08,53.4,53.4,53,53.1,913478
2021-10-12,53.1,53.3,52.6,53.3,1263407
2021-10-13,53.5,53.8,53.1,53.4,991423
2021-10-14,53.6,53.7,53.4,53.7,724854
2021-10-15,54,54.1,53.7,53.8,1140276
2021-10-18,53.9,54.4,53.9,54.3,1259482
2021-10-19,54.5,54.5,54.3,54.3,907347
2021-10-20,54.5,54.5,53.8,54,1554758
2021-10-21,54.1,54.1,53.2,53.2,2028907
2021-10-22,53.6,53.8,53.4,53.5,796057
2021-10-25,53.5,54,53.5,53.9,864377
2021-10-26,54,54,53.6,53.6,1841213
2021-10-27,53.6,53.7,53.5,53.7,901099
2021-10-28,53.6,53.8,53.4,53.7,741995
2021-10-29,53.7,53.8,53.4,53.7,907411
2021-11-01,53.7,53.9,53.1,53.1,2064906
2021-11-02,53.1,53.3,52.7,53,3513629
2021-11-03,53,53.5,52.8,53.5,1159981
2021-11-04,53.6,53.8,53.2,53.5,1223306
2021-11-05,53.4,53.5,53,53.5,1109541
2021-11-08,53,53,52.4,52.9,4641953
2021-11-09,52.7,52.8,52.1,52.2,5057958
2021-11-10,52.1,52.2,51.8,52.2,2635501
2021-11-11,52.3,52.4,52,52.4,1305938
2021-11-12,52.8,53,52.6,52.9,1807464
2021-11-15,52.9,52.9,52.4,52.4,2148706
2021-11-16,52.4,52.8,52.4,52.7,1194497
2021-11-17,52.9,52.9,52.5,52.8,1376326
2021-11-18,52.8,53.3,52.8,53.3,2527132
2021-11-19,53.4,53.4,53.1,53.2,1313254
2021-11-22,53.2,53.3,52.9,53,1235634
2021-11-23,53,53,52.6,52.7,999143
2021-11-24,52.7,53.1,52.6,52.7,796977
2021-11-25,52.7,52.9,52.7,52.8,817434
2021-11-26,52.8,52.8,52.5,52.5,1498495
2021-11-29,52.2,52.5,52,52.2,2028943
2021-11-30,52.3,52.4,52,52,1613323
2021-12-01,52,52.3,51.8,52.2,692101
2021-12-02,52.2,52.3,52,52,1280998
2021-12-03,52.3,52.3,52,52.2,1027698
2021-12-06,52.2,52.5,52.1,52.3,771275
2021-12-07,52.3,52.7,52.3,52.5,843184
2021-12-08,52.8,52.8,52.5,52.7,787003
2021-12-09,52.9,52.9,52.7,52.8,617494
2021-12-10,52.8,52.8,52.6,52.7,513287
2021-12-13,52.8,52.8,52.6,52.6,776739
2021-12-14,52.5,52.6,52.4,52.4,845997
2021-12-15,52.3,52.8,52.3,52.5,706907
2021-12-16,52.6,52.7,52.3,52.3,1385010
2021-12-17,52.3,52.7,52.2,52.3,1638113
2021-12-20,52.5,52.6,52,52.2,1539964
2021-12-21,52.2,52.6,52.2,52.5,507055
2021-12-22,52.5,52.7,52.5,52.6,832873
2021-12-23,52.8,52.8,52.6,52.7,615459
2021-12-24,52.6,52.7,52.5,52.7,681753
2021-12-27,52.7,52.8,52.6,52.7,833049
2021-12-28,52.9,53.6,52.7,53.6,2007976
2021-12-29,53.6,53.6,53.3,53.4,1232577
2021-12-30,53.4,53.5,53.2,53.4,857125
2022-01-03,53.3,53.5,52.8,52.9,1272972
2022-01-04,52.9,52.9,52.4,52.7,1491738
2022-01-05,52.6,52.6,52.4,52.5,973567
2022-01-06,52.7,52.8,52.4,52.7,652928
2022-01-07,52.9,53,52,52.4,1503719
2022-01-10,52.4,52.6,52.3,52.5,877896
2022-01-11,52.7,52.7,52,52.3,1270558
2022-01-12,52.2,52.3,52.1,52.3,1169053
2022-01-13,52.5,52.5,52.2,52.5,663692
2022-01-14,52.5,52.6,52.2,52.3,856560
2022-01-17,52.3,52.3,52.1,52.2,1216688
2022-01-18,52.3,52.4,52.2,52.2,526948
2022-01-19,52.2,52.3,52,52.3,898378
2022-01-20,52.3,52.3,52.1,52.1,831403
2022-01-21,52.1,53,52,52.2,1647456
2022-01-24,52.1,52.2,52,52.2,932006
2022-01-25,52,52.2,52,52.2,1139970
2022-01-26,52,52.4,52,52.2,828027
2022-02-07,52.2,53,52.2,53,2508416
2022-02-08,53.2,53.2,52.5,52.9,1656272
2022-02-09,52.9,53,52.7,52.9,817091
2022-02-10,52.9,53,52.8,53,1065028
2022-02-11,53,53.1,52.8,53,1660335
2022-02-14,53,53.2,52.7,53.1,1803914
2022-02-15,53.3,53.9,53.2,53.4,2182574
2022-02-16,53.6,53.6,53.3,53.5,1832393
2022-02-17,53.5,53.5,53.2,53.4,1086542
2022-02-18,53.3,55.9,53.2,55.2,7890376
2022-02-21,55,55.3,54.6,54.9,2032409
2022-02-22,54.6,55,54.2,54.7,2377137
2022-02-23,54.7,55.1,54.6,54.7,1056509
2022-02-24,54.7,54.9,54.1,54.3,2927176
2022-02-25,54.4,55.2,54.2,54.2,1523176
2022-03-01,54.5,54.8,54.2,54.5,1317276
2022-03-02,54.5,54.8,54.2,54.6,1043224
2022-03-03,54.8,55.3,54.8,54.9,1198973
2022-03-04,54.9,55.3,54.8,55,1585881
2022-03-07,55,55.1,54.1,54.2,2682673
2022-03-08,54,54,53,53.2,2849635
2022-03-09,53.3,54,53.3,54,1413733
2022-03-10,54.2,54.8,54.2,54.6,1356727
2022-03-11,54.4,54.4,53.7,53.8,1520405
2022-03-14,53.5,53.6,52.5,52.6,3791576
2022-03-15,52.6,52.6,52.1,52.2,1499867
2022-03-16,52.2,52.5,52.2,52.4,1321282
2022-03-17,52.5,52.9,52.5,52.8,1350416
2022-03-18,53.1,53.3,52.5,52.5,2329574
2022-03-21,52.6,52.9,52.5,52.9,1218044
2022-03-22,52.9,53.1,52.7,53.1,972850
2022-03-23,53.3,53.5,53.1,53.5,937683
2022-03-24,53.3,53.3,52.8,53.3,904630
2022-03-25,53.2,53.2,52.8,53,904927
2022-03-28,53,54.6,53,54.5,3931908
2022-03-29,54.9,55.1,54.2,54.7,2372105
2022-03-30,54.8,54.9,54.2,54.4,1492403
2022-03-31,54.4,54.6,54.1,54.1,1051901
2022-04-01,54,54.4,53.5,54.4,979151
2022-04-06,54.4,55.2,54.3,55.2,2536011
2022-04-07,55.2,55.2,54.8,54.8,1431163
2022-04-08,54.8,55,54.4,54.9,1307751
2022-04-11,55,55,54.6,54.9,1709471
2022-04-12,54.9,54.9,54.2,54.2,1490252
2022-04-13,54.3,54.8,54.2,54.4,1456725
2022-04-14,54.5,55,54.5,54.9,2995657
2022-04-15,53.6,57.8,53.5,55.3,8553221
2022-04-18,56.1,56.8,54.4,54.5,7294876
2022-04-19,54.9,54.9,53.7,54.3,3141783
2022-04-20,54.3,55.9,54.1,55.6,4832673
2022-04-21,55.9,56,54.5,54.6,3702631
2022-04-22,54.3,55,54.2,54.7,1209622
2022-04-25,54.5,54.5,53.6,53.7,1466922
2022-04-26,53.8,54.2,53.2,53.4,1493271
2022-04-27,52.9,53.2,52.5,52.5,2294173
2022-04-28,52.7,54.1,52.6,53.2,1578820
2022-04-29,53.8,53.9,52.6,52.8,1176164
2022-05-03,53,53.1,52,52.2,1890602
2022-05-04,52.2,52.4,51.9,52,1884330
2022-05-05,52.1,52.9,52.1,52.1,1538928
2022-05-06,51.8,52.4,51.8,51.9,1336110
2022-05-09,51.8,51.8,50.3,50.4,2548536
2022-05-10,49.8,49.95,49.1,49.95,1694343
2022-05-11,50,50.2,48.8,48.8,3112180
2022-05-12,48.8,48.9,47.3,47.35,3003868
2022-05-13,47.35,47.8,47.15,47.45,1816962
2022-05-16,47.55,47.85,47.05,47.25,1322591
2022-05-17,47.3,47.45,46.75,46.9,1862553
2022-05-18,46.95,47.65,46.95,47.5,1678659
2022-05-19,47.3,47.3,46.55,47.05,1216292
2022-05-20,47.05,47.7,47,47.45,1422055
2022-05-23,47.6,47.95,47.4,47.55,1086053
2022-05-24,47.55,47.95,46.95,47.05,1475440
2022-05-25,47.25,48,47.1,47.75,719535
2022-05-26,48.2,48.65,48,48.45,1040043
2022-05-27,48.75,48.75,48.35,48.5,691457
2022-05-30,49,49.05,48.5,48.9,963334
2022-05-31,49,49.4,48.6,49.4,1306126
2022-06-01,49.3,49.3,48.95,49.1,594952
2022-06-02,48.9,48.9,48.55,48.6,661401
2022-06-06,48.7,49,48.7,48.85,313424
2022-06-07,48.8,48.95,48.6,48.65,364119
2022-06-08,48.8,49,48.65,49,552058
2022-06-09,49,49.15,48.9,49,385786
2022-06-10,48.4,48.75,48.4,48.75,460751
2022-06-13,48.25,48.35,47.9,47.9,917102
2022-06-14,47.55,47.85,47.1,47.75,740438
2022-06-15,47.85,49.05,47.85,49,803541
2022-06-16,49.1,49.2,48.35,48.7,659414
2022-06-17,47.25,48.3,47.25,47.6,979085
2022-06-20,47.65,48.15,47,47,723594
2022-06-21,47,47.5,46.9,47.35,880673
2022-06-22,47.45,47.45,46.7,46.85,910671
2022-06-23,47.05,47.45,46.6,47.05,1132300
2022-06-24,47.1,47.85,47.1,47.7,1003248
2022-06-27,47.7,48.2,47.7,47.8,882341
2022-06-28,48.1,48.1,47.75,47.9,345477
2022-06-29,47.5,47.6,47.35,47.45,363238
2022-06-30,47.45,47.55,46.85,47.55,1033020
2022-07-01,47.5,47.9,47.15,47.35,749787
2022-07-04,47.35,48.75,47.25,48.65,1153487
2022-07-05,49.15,49.5,48.45,48.85,984495
2022-07-06,49,49,48,48.1,455617
2022-07-07,48.1,48.45,47.65,47.95,336410
2022-07-08,47.95,47.95,47.2,47.2,994412
2022-07-11,47.5,47.6,47.2,47.5,273923
2022-07-12,47.15,47.35,46.85,47.1,573314
2022-07-13,47.45,47.5,47.05,47.4,485482
2022-07-14,47.4,47.5,47.1,47.45,190593
2022-07-15,47.45,47.45,46.8,46.85,647187
2022-07-18,46.85,46.95,46.6,46.95,446633
2022-07-19,47,47.35,46.85,47.35,313045
2022-07-20,47.6,47.9,47.5,47.7,536711
2022-07-21,47.95,47.95,47.55,47.9,230207
2022-07-22,47.9,47.9,47.6,47.65,367184
2022-07-25,47.65,48.7,47.65,48.65,841725
2022-07-26,48.55,48.95,48.35,48.8,627015
2022-07-27,48.8,49.1,48.65,49,351717
2022-07-28,49.15,49.15,48.75,48.95,490054
2022-07-29,49.05,49.2,48.9,48.9,1012205
2022-08-01,48.8,48.8,48.35,48.4,497433
2022-08-02,48.4,48.4,47.55,47.55,860284
2022-08-03,47.25,47.25,46.7,47.15,894133
2022-08-04,47.15,47.2,46.7,47.2,991517
2022-08-05,47.3,47.55,47.2,47.35,498254
2022-08-08,47.3,47.75,47.1,47.75,262737
2022-08-09,47.75,48.4,47.75,48.1,472352
2022-08-10,48.2,48.25,47.6,47.6,636336
2022-08-11,48.05,48.35,47.9,48,698210
2022-08-12,48.3,49.15,48.3,48.9,823293
2022-08-15,49.2,49.8,48.95,49.7,1075377
2022-08-16,49.8,50,49.3,49.55,671492
2022-08-17,49.55,49.8,49.5,49.5,708610
2022-08-18,49.5,49.5,48.9,49.1,888512
2022-08-19,49.1,49.15,48.8,49.1,633881
2022-08-22,48.8,49.75,48.8,49.75,953295
2022-08-23,49.5,50.1,49.35,49.95,904976
2022-08-24,50,50.5,49.85,50.2,1120543
2022-08-25,50.2,50.8,50.2,50.5,1021720
2022-08-26,50.5,50.8,50.2,50.6,1053121
2022-08-29,50.2,50.8,49.85,50.7,1560210
2022-08-30,48.6,49.3,48.6,49.15,1165033
2022-08-31,49.15,49.25,48.85,49.25,670491
2022-09-01,48.95,48.95,48.4,48.7,759977
2022-09-02,48.75,48.75,48.45,48.45,446066
2022-09-05,48.45,48.65,48.25,48.45,484510
2022-09-06,48.65,48.65,48.05,48.2,429494
2022-09-07,48,48.3,47.7,47.75,696572
2022-09-08,47.75,48.35,47.75,48.2,317507
2022-09-12,48.35,48.35,48.15,48.25,371820
2022-09-13,48.65,49.05,48.6,48.7,431730
2022-09-14,47.95,48.7,47.95,48.3,718304
2022-09-15,48.35,48.65,48.2,48.65,348925
2022-09-16,48.75,48.75,48.3,48.3,660329
2022-09-19,48.3,48.3,47.7,47.7,621630
2022-09-20,48,48.1,47.75,47.95,209080
2022-09-21,48,48.05,47.4,47.4,536321
2022-09-22,47.4,47.55,47.1,47.4,522938
2022-09-23,47.45,47.55,47.25,47.3,331166
2022-09-26,47.3,47.3,46.8,46.9,600073
2022-09-27,46.9,47,46.4,46.6,780252
2022-09-28,46.6,46.9,45.2,45.25,1256715
2022-09-29,45.35,45.75,45,45.45,987468
2022-09-30,45.3,45.3,44.3,44.5,964763
2022-10-03,44,44.15,43.7,44,1017727
2022-10-04,44.2,44.55,43.85,44.4,578137
2022-10-05,44.6,45.1,44.55,45,704530
2022-10-06,45,45,44.55,45,380108
2022-10-07,44.7,44.85,44.55,44.75,382566
2022-10-11,43.35,43.9,43.35,43.8,896290
2022-10-12,43.7,43.7,43.15,43.35,1050155
2022-10-13,43.4,43.4,42.6,42.75,864860
2022-10-14,43,43.55,42.8,43.55,423529
2022-10-17,43.55,43.55,42.75,43.2,360916
2022-10-18,43.1,44.2,42.8,44.1,606994
2022-10-19,44.1,44.2,43.75,43.85,652376
2022-10-20,43.45,43.45,41.6,42.8,4924670
2022-10-21,42.8,42.8,41.85,42,1113104
2022-10-24,42,42.15,41.65,41.7,890462
2022-10-25,41.7,41.7,40.15,40.3,2040487
2022-10-26,40.3,40.35,39.65,40.05,1409959
2022-10-27,40.1,40.5,40.05,40.4,1214788
2022-10-28,40.45,40.75,39.9,39.95,1281286
2022-10-31,40,40.4,40,40.2,561132
2022-11-01,40.4,40.8,40.2,40.6,835736
2022-11-02,41.15,41.6,40.95,41.2,878276
2022-11-03,41.05,41.25,40.85,41.05,518825
2022-11-04,41,41.25,40.9,41.2,376726
2022-11-07,41.3,41.6,41.3,41.6,356939
2022-11-08,41.65,42,41.65,41.9,463852
2022-11-09,42,42,41.5,41.9,946780
2022-11-10,41.8,42,41.35,41.7,680208
2022-11-11,42.5,42.5,41.9,42.05,820039
2022-11-14,42.15,42.95,42.15,42.9,1125701
2022-11-15,42.95,43.35,42.75,43.3,990543
2022-11-16,43.5,43.5,42.65,42.75,1124841
2022-11-17,42.7,43.5,42.65,43.25,626188
2022-11-18,43.5,43.5,43.1,43.25,377815
2022-11-21,43.25,43.4,43.15,43.4,252260
2022-11-22,43.45,43.45,43,43.35,415003
2022-11-23,43.35,43.35,43.1,43.3,450492
2022-11-24,43.35,43.75,43.35,43.55,852844
2022-11-25,43.7,44.45,43.7,44.05,1331622
2022-11-28,44.05,44.1,43.55,43.75,933921
2022-11-29,43.75,44.05,43.35,44,357503
2022-11-30,44,44.65,44,44.55,1745832
2022-12-01,44.95,45,44.4,44.75,1462188
2022-12-02,44.75,45,44.6,44.75,700813
2022-12-05,44.75,45.35,44.75,44.85,880978
2022-12-06,44.85,44.85,44.3,44.4,684961
2022-12-07,44.4,44.9,44.35,44.75,580369
2022-12-08,44.7,44.75,44.2,44.25,558264
2022-12-09,44.45,44.5,44.15,44.5,467998
2022-12-12,44.5,44.6,44.1,44.5,556134
2022-12-13,44.65,44.8,44.5,44.55,525360
2022-12-14,44.65,45.1,44.65,45,704294
2022-12-15,45.2,45.2,44.75,44.8,371565
2022-12-16,44.45,44.7,44.25,44.35,627489
2022-12-19,44.2,44.5,44.1,44.3,581879
2022-12-20,44.3,45.1,44.2,44.4,870426
2022-12-21,44.4,44.7,44.1,44.1,378044
2022-12-22,44.25,44.75,44.25,44.6,302054
2022-12-23,44.6,45.5,44.6,45.45,1875741
2022-12-26,45.6,46.05,45,45,1436452
2022-12-27,45.15,45.4,44.8,45.35,628081
2022-12-28,46,47.25,45.7,46.05,2741228
2022-12-29,46.05,46.05,45.15,45.4,949101
2022-12-30,45.6,45.65,45.35,45.55,510906
2023-01-03,45.55,45.55,45.05,45.45,536980
2023-01-04,45.45,45.6,45,45.35,983037
2023-01-05,45.35,45.55,45.15,45.2,697120
2023-01-06,45.2,45.45,45.2,45.25,629683
2023-01-09,45.5,45.85,45.4,45.8,1011636
2023-01-10,45.8,46.3,45.8,46.3,1538152
2023-01-11,46.5,46.8,46,46.05,1345086
2023-01-12,46.1,46.3,46,46.2,824926
2023-01-13,45.9,46.25,45.9,46.1,755645
2023-01-16,46.1,46.5,45.8,45.8,1144614
2023-01-17,46.05,46.2,45.65,45.85,1076859
2023-01-30,45.95,46.2,45.65,45.65,1650532
2023-01-31,46,46.5,45.95,46.3,1184912
2023-02-01,46.4,46.55,45.7,45.8,1918781
2023-02-02,45.8,46.25,45.8,46.2,1293690
2023-02-03,46.3,46.85,46.25,46.85,1849074
2023-02-06,46.85,46.9,46.4,46.65,1490419
2023-02-07,46.65,47.15,46.65,47.1,1082649
2023-02-08,47.25,47.65,47.15,47.6,1302034
2023-02-09,47.4,47.4,47.1,47.25,750829
2023-02-10,47.3,47.3,46.2,46.35,2143268
2023-02-13,46.7,47,46.45,46.6,736847
2023-02-14,46.65,46.9,46.5,46.65,712065
2023-02-15,46.7,47,46.7,46.85,851838
2023-02-16,46.85,47.3,46.8,47.3,850734
2023-02-17,46.9,47.25,46.9,47.05,686160
2023-02-20,47.1,47.8,47.1,47.75,1399752
2023-02-21,47.8,48.75,47.8,48.65,2379109
2023-02-22,48.55,49.6,48.05,49.05,2730680
2023-02-23,49.4,50.7,49.4,49.55,4848697
2023-02-24,50,50.7,49.4,50.6,3160569
2023-03-01,51.5,55.5,51,51.1,18929397
2023-03-02,51.3,52,49.7,50,6783488
2023-03-03,50.7,51.8,50,50.2,5406274
2023-03-06,52.6,52.7,51.1,51.3,6364371
2023-03-07,52.4,52.4,50.8,51.2,4361257
2023-03-08,51.1,51.7,50.8,51.3,2607566
2023-03-09,51.3,51.5,50.9,51.1,2047295
2023-03-10,51,51.6,50.1,50.3,2653165
2023-03-13,50,50.4,49.5,50.1,2061363
2023-03-14,50,51.2,49.8,50.5,1736022
2023-03-15,51.1,51.5,50.2,50.3,1487089
2023-03-16,50.2,50.3,49.85,50,1364029
2023-03-17,50.3,50.5,49.85,49.85,1336080
2023-03-20,50.1,50.2,49.6,49.65,1188871
2023-03-21,49.65,50.5,49.55,50.1,1039746
2023-03-22,50.5,50.6,50,50.1,1064203
2023-03-23,50,50.2,49.85,50,1050979
2023-03-24,49.9,50,49.65,49.9,1225390
2023-03-27,50,50.5,49.8,50.2,1230939
2023-03-28,50.3,50.5,50,50.3,1191444
2023-03-29,50.3,50.5,50.1,50.2,650281
2023-03-30,50.2,50.4,50,50.3,864868
2023-03-31,50.3,51.1,50.1,51.1,2343583
2023-04-06,51.5,52.4,51.1,51.9,4399067
2023-04-07,52,52.2,51.2,51.9,2709470
2023-04-10,51.9,52,51.5,52,1512198
2023-04-11,52,52,51.3,51.4,1276103
2023-04-12,51.4,51.4,51,51,1787006
2023-04-13,51.2,52,51.1,52,2038245
2023-04-14,51.8,52.2,51.5,51.9,2059160
2023-04-17,52,53.4,52,52.8,5076911
2023-04-18,53.2,53.7,52.5,52.7,3325698
2023-04-19,52.7,53,52,52.6,2093603
2023-04-20,52.6,53,52,52,1372893
2023-04-21,52,52.4,51.2,51.4,1718679
2023-04-24,51.4,51.5,50.8,51.3,1377358
2023-04-25,51.7,51.8,50.7,50.9,2160488
2023-04-26,50.8,51.5,50.6,51.3,1300350
2023-04-27,51.3,51.3,50.8,51.1,633410
2023-04-28,51.3,51.4,50.9,51.3,988807
2023-05-02,51.5,52.3,51.4,51.8,1677871
2023-05-03,52,52.5,51.9,52.2,2290229
2023-05-04,52,52.9,51,51.8,5371712
2023-05-05,52,52.9,52,52.8,3434943
2023-05-08,53.9,54,52.8,53.5,6442528
2023-05-09,53.5,54.2,52.5,52.7,5651966
2023-05-10,52.8,53.7,52.8,53.3,2464890
2023-05-11,53,53.1,51.8,52,2920460
2023-05-12,52,52.6,51.7,52.5,1230380
2023-05-15,52.5,52.8,52.2,52.8,1649037
2023-05-16,53.1,53.6,53,53,3833435
2023-05-17,53,53.5,53,53.5,2491782
2023-05-18,53.6,53.7,53.1,53.1,1699862
2023-05-19,53.1,53.4,53,53.1,1607479
2023-05-22,53.2,54,53.2,53.7,3962339
2023-05-23,54.3,55.2,53.9,54,4056146
2023-05-24,54.2,54.3,53.6,53.9,1612234
2023-05-25,53.9,53.9,53.1,53.3,1687022
2023-05-26,53.2,53.3,52.8,53.1,1207286
2023-05-29,53.1,53.3,52.7,52.8,1246825
2023-05-30,53,53.5,52.7,53.3,1627366
2023-05-31,53.3,53.5,52.5,52.5,2109271
2023-06-01,52.5,53,52.4,52.7,1051601
2023-06-02,52.7,53.6,52.6,53.2,1494585
2023-06-05,53.3,53.4,53,53,947810
2023-06-06,53.3,53.3,52.6,52.8,923668
2023-06-07,52.8,53.4,52.8,53.3,1678078
2023-06-08,53.3,53.6,53.1,53.5,1968410
2023-06-09,53.5,53.5,53.2,53.5,1089849
2023-06-12,53.5,53.5,52.7,52.7,1252508
2023-06-13,52.9,53.3,52.5,52.9,1634630
2023-06-14,53,53,52,52.5,1742418
2023-06-15,52.5,52.9,52.5,52.9,787070
2023-06-16,53.1,53.1,52.5,52.5,1593368
2023-06-19,52.9,52.9,52.3,52.4,827488
2023-06-20,52.3,52.3,51.1,51.4,3306512
2023-06-21,51.1,52.1,51.1,52.1,1507276
2023-06-26,52,52.6,51.7,52.2,1073076
2023-06-27,52,52.5,52,52,1173503
2023-06-28,52.4,52.8,52.1,52.7,1285523
2023-06-29,52.8,53.5,52.7,52.8,1452218
2023-06-30,53,53.7,52.9,53.3,2556059
2023-07-03,53.6,53.6,53.2,53.3,1868960
2023-07-04,53.5,53.6,53.2,53.3,2135521
2023-07-05,53.2,53.5,52.9,52.9,1794202
2023-07-06,52.8,53,51.8,52.1,1865953
2023-07-07,52,52.1,51.6,51.8,1275785
2023-07-10,52.1,52.9,52.1,52.5,3064052
2023-07-11,51.5,52.5,51.4,52,3571723
2023-07-12,52,52.2,51.5,51.8,1883242
2023-07-13,51.9,52.3,51.7,51.8,3732091
2023-07-14,52.1,53.8,52.1,52.6,5544217
2023-07-17,53.7,56.5,53.6,55.9,16543609
2023-07-18,56,58.8,55.1,55.9,15344109
2023-07-19,56.8,57.8,56.3,56.3,9335391
2023-07-20,57.5,59.3,57.1,58.6,11538090
2023-07-21,58.9,59.5,58.1,59,9280595
2023-07-24,60,60,58.4,59,5574108
2023-07-25,59,59.2,57.6,58.1,4858719
2023-07-26,58.3,59.6,57.6,59,5697116
2023-07-27,59.9,59.9,58.4,59.5,4311153
2023-07-28,59.5,59.5,58.5,59.4,3212431
2023-07-31,59.5,61.5,59.4,59.8,9115133
2023-08-01,60,62.4,60,62.2,13980499
2023-08-02,63.4,64,60.6,61.4,14775697
2023-08-04,61.1,61.5,55.3,56.7,20426712
2023-08-07,57.7,59.4,57.5,58.8,7902416
2023-08-08,59.8,60.3,58.5,58.9,5298808
2023-08-09,54.1,55.6,53.1,55.4,16518240
2023-08-10,55.3,55.9,53.8,54.3,5484155
2023-08-11,54.3,54.7,53.5,54.1,3131884
2023-08-14,53.5,53.6,52,52.9,6251435
2023-08-15,53,53.6,53,53.1,1759622
2023-08-16,53.3,54.4,52.6,53.4,3419271
2023-08-17,54,54.1,53.4,54,2178283
2023-08-18,54.7,55.7,54.5,54.7,5573568
2023-08-21,54.7,55.4,54.1,54.3,2300670
2023-08-22,54.5,54.9,54.2,54.6,1153451
2023-08-23,54.4,54.8,54.1,54.3,1204010
2023-08-24,54.3,54.5,53.8,53.8,1715976
2023-08-25,53.8,54.8,53.8,54.3,1464311
2023-08-28,54.4,55,53.9,54.2,1813801
2023-08-29,54.5,55,54.2,54.8,1309639
2023-08-30,54.9,55,54.2,54.3,1634148
2023-08-31,54.6,55.2,54.3,54.6,1782591
2023-09-01,54.5,55.3,54.4,55,1428369
2023-09-04,55.6,56.6,55.1,56.1,4452690
2023-09-05,56.1,56.6,55.3,55.4,2420898
2023-09-06,55.4,55.5,54.5,54.8,2168708
2023-09-07,54.4,55.2,54.4,54.6,1418014
2023-09-08,54.7,55,54.4,54.5,992906
2023-09-11,54.5,54.7,54,54.2,1475985
2023-09-12,54.3,54.5,53.8,54.2,1266346
2023-09-13,54,54.8,53.8,54.3,2435814
2023-09-14,55,55.3,54.6,54.9,1301176
2023-09-15,55,55.6,54.9,55.6,2323997
2023-09-18,55.7,55.7,55.3,55.3,1541996
2023-09-19,55.3,55.3,54.2,54.4,1892069
2023-09-20,54.8,55.2,53.9,54.2,2820431
2023-09-21,54.2,54.6,53.7,54.3,1076614
2023-09-22,54.2,54.2,53.7,54,1301755
2023-09-25,54.5,55.5,54.5,55.2,2402374
2023-09-26,55.4,55.4,54.3,54.3,1326817
2023-09-27,54.1,54.4,54,54.1,796755
2023-09-28,54.3,54.4,53.8,53.8,1464748
2023-10-02,53.8,54.3,53.6,53.8,1227924
2023-10-03,53.8,53.8,53,53.1,2420635
2023-10-04,53.1,53.1,52,52.1,3008582
2023-10-05,52.4,52.8,52.3,52.6,1086834
2023-10-06,52.5,53,52.4,52.8,888845
2023-10-11,52.9,53.1,52.6,52.7,1610528
2023-10-12,52.9,53.2,52.7,53.2,895996
2023-10-13,53.3,53.6,52.8,52.8,1385736
2023-10-16,52.8,52.8,52.4,52.5,976069
2023-10-17,52.6,52.6,52.2,52.2,1514244
2023-10-18,52,52.2,51.6,51.6,2140861
2023-10-19,51.6,52,51.5,51.8,450520
2023-10-20,51.6,51.6,50.9,51.2,1809676
2023-10-23,51.4,52,51.2,51.6,1112244
2023-10-24,51.7,52,51.5,51.7,563322
2023-10-25,51.8,52.2,51.8,51.9,616838
2023-10-26,51.8,51.9,51.3,51.4,963732
2023-10-27,51.4,52,51.4,51.9,603180
2023-10-30,52,52.2,51.6,51.6,788225
2023-10-31,51.6,51.8,50.8,50.8,1854431
2023-11-01,51.2,51.9,51.1,51.9,1248755
2023-11-02,51.9,52.1,51.8,52.1,762302
2023-11-03,52.4,52.7,52.2,52.5,807157
2023-11-06,52.8,53.1,52.7,52.8,1080259
2023-11-07,52.8,52.9,52.5,52.8,531744
2023-11-08,53.1,53.1,52.8,53,633990
2023-11-09,53.2,53.2,52.8,52.8,599803
2023-11-10,53.5,54.1,53.4,53.6,2666258
2023-11-13,54,54,52.8,53,1545474
2023-11-14,53.1,53.5,53.1,53.2,820403
2023-11-15,53.4,54,53.4,53.9,1964953
2023-11-16,54,54.5,53.7,54,1699665
2023-11-17,54,54.1,53.7,53.9,1433297
2023-11-20,54,54.2,53.5,53.6,1357766
2023-11-21,53.9,54.7,53.8,54.5,2387730
2023-11-22,54.6,55.2,54.4,54.9,1938829
2023-11-23,55,55.7,54.8,55.2,2676551
2023-11-24,55.2,55.3,54.8,55.3,1344412
2023-11-27,55.5,56.1,55,55,1505900
2023-11-28,55.3,55.8,55.2,55.8,1673875
2023-11-29,55.8,56.1,55.7,55.9,1456670
2023-11-30,56.1,56.5,55.9,56.3,1948046
2023-12-01,56.4,56.4,55.6,55.8,1550005
2023-12-04,55.9,56.5,55.9,56.1,1918811
2023-12-05,56.6,56.6,56.2,56.5,2356681
2023-12-06,56.6,57.6,56.4,57.4,2807414
2023-12-07,57.4,57.9,56.6,56.8,1911091
2023-12-08,57,57.6,57,57.2,1324383
2023-12-11,57.4,57.6,57,57,979900
2023-12-12,57,57.4,56.9,57.2,1536634
2023-12-13,57.4,57.5,56,56.3,2242556
2023-12-14,56.3,57,56.3,56.9,2226079
2023-12-15,57,57.1,56.6,57,1666613
2023-12-18,57,58.4,56.8,58.4,4995021
2023-12-19,58.4,58.7,57.4,58.6,5017782
2023-12-20,58.6,58.8,57.8,58.8,4439169
2023-12-21,58.3,59.2,58,59.2,4532087
2023-12-22,59,59,58.3,59,4572292
2023-12-25,58.9,58.9,57.7,57.7,2316133
2023-12-26,57.5,58,57.4,58,956253
2023-12-27,58,58,57.3,57.5,1551296
2023-12-28,57.6,57.8,57.5,57.8,768497
2023-12-29,58.3,59.3,58.3,58.5,3553383
2024-01-02,58.7,59,58.2,58.9,1849693
2024-01-03,58.9,58.9,58.3,58.8,2540363
2024-01-04,58.8,58.8,57.9,58.2,1967491
2024-01-05,58.2,58.2,57.3,57.6,2154917
2024-01-08,57.7,58.1,57.5,57.8,1016493
2024-01-09,58.1,58.1,57,57.1,1766922
2024-01-10,57,57.2,56.1,57,1657632
2024-01-11,56.8,57.2,56.7,56.8,1800663
2024-01-12,57.3,57.3,56.5,57,1583801
2024-01-15,57.2,58,57.1,58,1024462
2024-01-16,57.3,57.8,57,57.4,1146868
2024-01-17,57.4,57.8,57,57.7,2354802
2024-01-18,57.7,57.8,56.9,57.1,1690021
2024-01-19,57.1,57.3,57.1,57.3,681157
2024-01-22,57.4,57.5,57.1,57.4,733333
2024-01-23,57.6,58,57.4,57.8,1225855
2024-01-24,58,58,57.4,57.5,965857
2024-01-25,57.5,58.3,57.5,58.1,1519693
2024-01-26,58.1,58.7,57.9,58.2,1106039
2024-01-29,58.1,58.4,58.1,58.3,753611
2024-01-30,58.3,58.4,57.6,57.7,1136989
2024-01-31,57.7,57.9,57.6,57.7,1051810
2024-02-01,57.8,58.3,57.8,57.8,1017287
2024-02-02,58,58.2,57.8,58,820957
2024-02-05,58,58.3,57.7,58.2,1517069
2024-02-15,58.2,58.3,56.9,57.2,2672000
2024-02-16,57.2,57.6,57,57,1672081
2024-02-19,57,58.1,57,58,1473641
2024-02-20,58.1,58.7,57.8,57.8,1879171
2024-02-21,58,58.7,57.9,58.5,2552997
2024-02-22,58.7,58.8,58.2,58.6,1609076
2024-02-23,58.6,59.3,58.6,58.7,2082320
2024-02-26,58.9,59.4,58.9,59,1769153
2024-02-27,59.2,59.3,58,58.5,1592630
2024-02-29,58.6,58.9,58.3,58.4,1159126
2024-03-01,58.6,59.1,58.5,58.9,1263651
2024-03-04,59,59.3,58.7,58.7,1608077
2024-03-05,58.8,60.5,58.8,60.3,5069706
2024-03-06,60.3,60.6,60,60.4,2214505
2024-03-07,60.4,60.5,59.6,60.3,1819594
2024-03-08,60.1,60.2,59.3,59.4,2122440
2024-03-11,59.4,60.1,59.4,59.6,1599077
2024-03-12,59.5,60.4,59.5,60.1,2077800
2024-03-13,60.1,60.9,60,60.1,2148858
2024-03-14,60.4,61.8,60.3,60.5,4648065
2024-03-15,59.4,59.4,56.4,56.8,14066662
2024-03-18,56.8,57.3,56,57.1,4080631
2024-03-19,57.1,57.7,57.1,57.2,1854016
2024-03-20,57.5,58.7,57.5,58.2,3358266
2024-03-21,58.6,58.8,58,58.2,2047444
2024-03-22,58.2,58.4,57.6,57.6,1787753
2024-03-25,57.8,58,57.7,57.7,1268363
2024-03-26,57.8,58,57.2,57.4,1256118
2024-03-27,57.4,58,57.4,57.8,765061
2024-03-28,57.8,58.2,57.6,57.7,1257386
2024-03-29,57.8,58,57.5,57.7,1489810
2024-04-01,57.8,58.4,57.8,58.2,1125963
2024-04-02,58.1,58.2,57.6,57.8,1394632
2024-04-03,57.6,57.8,57.3,57.6,1438215
2024-04-08,57.4,58.1,57.4,58,1095097
2024-04-09,58,58.2,57.7,58,1568219
2024-04-10,58.1,58.3,57.8,58,1658532
2024-04-11,57.8,57.8,57.1,57.4,2146895
2024-04-12,57.3,57.5,57.1,57.2,1731837
2024-04-15,56.9,56.9,56.2,56.3,3744067
2024-04-16,56.1,56.2,55.1,55.2,3428547
2024-04-17,55.5,56.2,55.4,55.6,1947076
2024-04-18,55.6,56.2,55.3,55.7,3213943
2024-04-19,55.7,56.3,54.7,55.5,5272189
2024-04-22,56.2,56.9,55.9,56.4,4127343
2024-04-23,56.6,57.4,56.4,57.4,4133756
2024-04-24,57.5,57.5,56.9,57,4287713
2024-04-25,57,57.4,56.6,57.4,1200909
2024-04-26,57,57.2,56.6,57,1485240
2024-04-29,57.1,57.5,57.1,57.5,1546853
2024-04-30,57.3,57.9,57.2,57.2,1543723
2024-05-02,57.2,57.5,57,57.4,876297
2024-05-03,57.6,57.6,57,57,998234
2024-05-06,57.2,57.6,57.1,57.4,994988
2024-05-07,57.5,57.7,57.1,57.5,1631889
2024-05-08,57.5,58.3,57.4,58.1,2103056
2024-05-09,58.3,58.4,58.1,58.1,1307557
2024-05-10,58.1,58.5,57.6,57.6,1542741
2024-05-13,57.7,58.4,57.6,58.1,1857178
2024-05-14,58.3,58.7,58,58.1,1328263
2024-05-15,58.5,58.5,58,58.2,1323078
2024-05-16,58.5,58.5,57.6,57.6,1829327
2024-05-17,58.1,58.1,57.7,58.1,833035
2024-05-20,59,59,58.3,58.4,2766864
2024-05-21,58.4,58.5,57.8,58.1,1186298
2024-05-22,58.1,58.4,57.8,58,1267099
2024-05-23,57.8,58,57.2,57.2,1699368
2024-05-24,57.1,57.4,56.7,57.1,856133
2024-05-27,57,57.1,56.7,56.8,1676475
2024-05-28,56.8,57,56.3,56.3,2550287
2024-05-29,56.3,56.7,56,56.7,2282285
2024-05-30,56.7,56.8,56.5,56.5,1234516
2024-05-31,56.5,57.3,56.5,57.3,1604107
2024-06-03,57.2,57.2,56.7,56.7,1381290
2024-06-04,56.8,57.2,56.8,57.2,1489977
2024-06-05,57.2,57.5,57,57.3,1196041
2024-06-06,57.3,57.4,56.9,57.2,1033957
2024-06-07,57,57.3,57,57.1,1057243
2024-06-11,57.1,57.2,57,57,1393120
2024-06-12,57,57.2,56.7,56.9,1305292
2024-06-13,56.9,56.9,56.7,56.9,1118498
2024-06-14,56.9,57.2,56.7,57,943838
2024-06-17,57,57.3,56.9,57.3,1174088
2024-06-18,57.3,57.4,57.1,57.2,809998
2024-06-19,57.2,57.3,56.8,57,1440179
2024-06-20,57.2,57.2,56.8,57,1482861
2024-06-21,57,57,56.7,56.7,2912245
2024-06-24,56.7,56.7,56.5,56.6,886455
2024-06-25,56.7,57,56.6,57,731875
2024-06-26,57,57.4,56.6,56.7,1350253
2024-06-27,56.7,57.1,56.5,56.9,1283939
2024-06-28,56.9,57.3,56.8,57.2,1181500
2024-07-01,57.2,57.2,56.9,57.1,1143116
2024-07-02,57,57.1,56.7,56.7,1402962
2024-07-03,56.8,57.1,56.7,57,1189124
2024-07-04,57,57.8,57,57.7,2197485
2024-07-05,57.8,57.9,57.6,57.7,1226622
2024-07-08,57.8,58,57.6,58,1400081
2024-07-09,57.8,57.9,57.2,57.3,982531
2024-07-10,57.3,57.6,57.1,57.1,863444
2024-07-11,57.1,57.8,57,57.3,1200547
2024-07-12,57.5,57.7,57.3,57.6,864292
2024-07-15,57.7,58.2,57.6,58,1566400
2024-07-16,58,58.4,57.9,58.3,1230900
2024-07-17,58.4,58.5,58,58,1542822
2024-07-18,58,58.6,57.6,58.4,2136872
2024-07-19,58.1,58.2,57.4,57.6,1146475
2024-07-22,57.6,57.6,57,57.5,1522106
2024-07-23,57.5,58.4,57.5,58.1,1380478
2024-07-26,57.9,57.9,57.3,57.4,1155356
2024-07-29,57.5,58.3,57.5,57.6,1493365
2024-07-30,57.5,57.6,57,57.4,1219927
2024-07-31,57.5,57.7,57.2,57.5,1725967
2024-08-01,55.2,55.3,54.6,55.2,3434470
2024-08-02,55.2,55.3,54.2,54.2,2701582
2024-08-05,53.7,53.7,50.6,51.3,3341510
2024-08-06,52.3,52.4,51.1,52.2,2336876
2024-08-07,52,53.2,52,53,979381
2024-08-08,52.5,53.3,52.5,52.9,929099
2024-08-09,53.3,53.8,53,53,798940
2024-08-12,53,53.3,52.8,52.8,709117
2024-08-13,53.2,53.2,52.3,52.5,820530
2024-08-14,52.5,53,52.4,52.6,571590
2024-08-15,52.6,52.7,52.2,52.2,516487
2024-08-16,52.5,52.6,52,52,1060887
2024-08-19,52.2,52.3,51.5,52,912836
2024-08-20,52.1,52.6,51.8,51.9,983389
2024-08-21,52.3,52.5,51.9,52.1,867950
2024-08-22,52.4,52.4,52,52.1,628690
2024-08-23,52.1,52.2,51.8,51.9,728825
2024-08-26,52.2,52.5,51.9,51.9,797972
2024-08-27,51.8,52.1,51.5,52.1,1237288
2024-08-28,52.1,53,52.1,52.8,1507560
2024-08-29,52.8,52.8,52.3,52.7,894773
2024-08-30,52.9,53.6,52.6,53.6,1323874
2024-09-02,53.5,53.5,52.6,52.8,873824
2024-09-03,52.8,52.8,52.3,52.5,545377
2024-09-04,51.2,51.8,50.9,51.3,1979496
2024-09-05,51.5,51.8,51,51,1185524
2024-09-06,51.1,51.4,50.8,51.2,759191
2024-09-09,50.7,51.2,50.6,51.2,1106117
2024-09-10,51.1,51.4,50.8,50.9,1178636
2024-09-11,50.9,51.1,50.8,50.9,1144334
2024-09-12,51.3,51.3,50.9,51,1017079
2024-09-13,51.1,51.2,50.9,50.9,741064
2024-09-16,51,51.4,51,51.3,734898
2024-09-18,51.5,51.6,51.1,51.4,941728
2024-09-19,51.4,51.6,51.2,51.3,738350
2024-09-20,51.3,52,51.2,51.2,6264644
2024-09-23,51.8,51.9,51.5,51.5,829754
2024-09-24,51.3,51.5,51.2,51.3,684964
2024-09-25,51.4,51.7,51.3,51.4,884393
2024-09-26,51.7,51.7,51.3,51.3,682286
2024-09-27,51.8,52.3,51.5,52.2,1418485
2024-09-30,52.4,52.7,51.5,51.5,1531705
2024-10-01,52,52,51.5,51.7,522025
2024-10-04,51.7,52,51.5,51.9,675620
2024-10-07,52.1,53,52.1,52.4,1166293
2024-10-08,52.1,52.5,51.9,51.9,877844
2024-10-09,52,52.3,51.8,52,728239
2024-10-11,52,52.1,51.7,52.1,567102
2024-10-14,51.9,51.9,51.5,51.8,755490
2024-10-15,51.8,52,51.5,51.9,610913
2024-10-16,51.7,51.7,50.5,50.5,1909737
2024-10-17,51,51.5,50.7,51.2,1010050
2024-10-18,51.4,51.6,51.1,51.5,566019
2024-10-21,51.6,51.8,51.3,51.5,544135
2024-10-22,51.5,51.6,51.2,51.5,757393
2024-10-23,51.5,51.6,50.9,50.9,1012488
2024-10-24,50.9,51.2,50.7,50.9,590858
2024-10-25,50.9,51.1,50.7,50.9,487719
2024-10-28,50.9,51.5,50.9,51.1,549030
2024-10-29,51,51.2,50.8,51.2,892044
2024-10-30,51.4,51.5,51,51.2,759794
2024-11-01,51.2,51.6,50.8,51.6,1052253
2024-11-04,51.6,51.8,51.2,51.5,537123
2024-11-05,51.4,51.7,51.1,51.1,387172
2024-11-06,51.1,51.3,50.9,51,749673
2024-11-07,50.8,51.3,50.8,51.1,496441
2024-11-08,51.5,51.5,51,51.2,846808
2024-11-11,51.2,51.4,50.9,51.4,609131
2024-11-12,50.9,51.4,50.8,51,769965
2024-11-13,51.1,51.7,50.8,51.2,959946
2024-11-14,51.2,51.6,51.1,51.3,613387
2024-11-15,51.3,51.7,51.3,51.5,679871
2024-11-18,51.7,52.4,51.4,52.1,1214595
2024-11-19,52.4,52.7,52.1,52.7,1218847
2024-11-20,52.4,52.9,52.3,52.9,1002975
2024-11-21,52.8,53,52.6,52.8,702875
2024-11-22,52.8,52.9,52.5,52.8,576550
2024-11-25,53,53.4,52.9,53.4,1036179
2024-11-26,53.4,53.4,52.9,52.9,654406
2024-11-27,53,53.5,53,53.2,1024051
2024-11-28,53.3,53.3,52.8,53.2,735804
2024-11-29,52.8,53.3,52.2,53.3,900137
2024-12-02,53.3,53.7,53.2,53.7,1008120
2024-12-03,53.8,54,53.3,53.7,1139114
2024-12-04,53.7,53.7,53.1,53.7,818557
2024-12-05,53.6,53.7,53.3,53.5,540040
2024-12-06,53.5,53.8,53.3,53.8,795622
2024-12-09,53.8,53.8,53.2,53.7,582081
2024-12-10,53.7,53.7,53.1,53.1,748420
2024-12-11,52.9,53.6,52.9,53.5,865291
2024-12-12,53.2,53.6,53.1,53.1,818944
2024-12-13,53,53.2,52.7,52.9,962841
2024-12-16,53.5,53.6,52.6,53,1809185
2024-12-17,52.8,53.1,51.8,51.8,2086694
2024-12-18,51.8,52.4,51.4,51.4,2202366
2024-12-19,51.1,51.9,51.1,51.1,2368899
2024-12-20,51.1,51.6,50.4,50.4,3260383
2024-12-23,50.7,51.4,50.5,50.7,3003139
2024-12-24,50.9,52,50.9,52,2419608
2024-12-25,52.2,52.8,51.6,52.6,1495118
2024-12-26,52.7,53,52.1,53,1519961
2024-12-27,52.9,52.9,52,52.4,925583
2024-12-30,52.4,52.4,51.7,51.9,797832
2024-12-31,51.7,51.7,51.2,51.5,1036689
2025-01-02,51.1,51.3,51,51.3,1034001
2025-01-03,51.3,51.4,50.8,51.4,691592
2025-01-06,51.5,51.8,51.5,51.8,716619
2025-01-07,51.9,51.9,50.8,51.2,1258793
2025-01-08,51.2,51.6,50.8,51.6,1000267
2025-01-09,51.6,51.6,50.6,50.6,1185829
2025-01-10,50.4,51.1,50.1,51.1,1063030
2025-01-13,50.4,52,50.1,52,1916790
2025-01-14,51.9,52,51.2,52,1231929
2025-01-15,52,52.2,51.2,51.8,1107025
2025-01-16,52,52,51.5,51.5,603344
2025-01-17,51.5,52.1,51.3,52.1,701327
2025-01-20,52.1,52.1,51.7,51.9,308454
2025-01-21,51.9,52.1,51.6,51.8,232921
2025-01-22,52.1,52.1,51.6,51.6,462671
2025-02-03,51.6,52.8,51.6,52.7,1404964
2025-02-04,52.7,53.2,52.4,53,958568
2025-02-05,53,53.1,52.8,53.1,725550
2025-02-06,53,53.4,52.7,53.4,815726
2025-02-07,53.4,53.5,53,53.5,456249
2025-02-10,53.3,53.5,53.2,53.4,818388
2025-02-11,53.1,53.6,53,53.3,818885
2025-02-12,53.2,53.2,52.9,53,706949
2025-02-13,53.2,53.6,53.2,53.6,767160
2025-02-14,53.6,54,53.5,53.9,1322548
2025-02-17,54.1,55.6,54.1,55,3204478
2025-02-18,54.8,55,54.3,55,939829
2025-02-19,55.3,55.4,54.8,55,973314
2025-02-20,55.3,55.9,55.1,55.8,2281642
2025-02-21,56,56.2,55.7,56.1,1875978
2025-02-24,56,56.7,55.7,56.6,2104429
2025-02-25,56.1,56.4,56.1,56.1,951691
2025-02-26,56,56.2,55.8,56,639918
2025-02-27,56,56.2,55.6,55.6,1288796
2025-03-03,55.5,55.8,55.1,55.7,1494527
2025-03-04,55.1,55.7,55.1,55.7,837677
2025-03-05,55.3,55.9,55.3,55.8,631153
2025-03-06,55.9,55.9,55.4,55.8,487564
2025-03-07,55.5,55.8,55.5,55.8,697271
2025-03-10,55.7,56.1,55.7,56.1,1004470
2025-03-11,55.6,56.1,55.2,56.1,1107469
2025-03-12,56.1,56.4,55.8,56,660813
2025-03-13,56.8,57,55.1,56.8,3314733
2025-03-14,56.8,57.4,56.6,57.4,2569751
2025-03-17,57.6,58.3,56.8,57.4,2744765
2025-03-18,57.7,58,57.3,58,1749038
2025-03-19,58,58.2,57.3,57.9,1339392
2025-03-20,57.9,58,57.6,58,748419
2025-03-21,58,58.2,57.5,57.5,2452562
2025-03-24,58.1,58.3,57.6,58.3,1521708
2025-03-25,58.3,58.5,57.7,57.8,765972
2025-03-26,57.9,58,57.7,58,596671
2025-03-27,58,58.2,57.7,58.2,1001784
2025-03-28,58.2,58.3,57.6,58.2,1297423
2025-03-31,57.6,58.1,57.2,57.7,2127864
2025-04-01,57.7,58.4,57.7,58.4,1616137
2025-04-02,58.1,58.3,57.6,58.2,828154
2025-04-07,52.4,54.1,52.4,53.4,4712073
2025-04-08,54.2,55.7,53.8,55.3,4035766
2025-04-09,55.3,56.2,53,53,3975296
2025-04-10,55.8,57.5,55.8,56.1,3283375
2025-04-11,56,56.4,54.7,56.4,2156651
2025-04-14,56.1,56.5,55.4,56.4,1764946
2025-04-15,56.3,58,56.1,57.9,1814110
2025-04-16,57,58,56.7,57.9,1742057
2025-04-17,58,58.7,57.6,58.4,2970739
2025-04-18,58.6,58.6,58,58.4,1083028
2025-04-21,58.6,59,58.2,58.7,1800730
2025-04-22,58.5,59,58.2,58.7,1037942
2025-04-23,58.8,59.1,58.5,59,2301906
2025-04-24,59,61,58.7,60,3861181
2025-04-25,60.3,60.4,59.4,59.8,1815126
2025-04-28,59.8,60.7,59.5,60.4,2183150
2025-04-29,60.4,60.8,58,58.3,3794882
2025-04-30,58.3,59.9,58.3,59.8,4029827
2025-05-02,59.8,60.7,59.4,59.7,3419959
2025-05-05,61.3,65.6,61.2,62.8,21367873
2025-05-06,63.7,64,61.5,61.8,8387517
2025-05-07,61.7,64.4,61.3,62.9,6180701
2025-05-08,63,63.7,62.1,62.7,3155662
2025-05-09,62.5,63.7,62.1,63.2,3459279
2025-05-12,63.2,63.3,61.9,62.2,3837982
2025-05-13,61.9,62.1,60.3,60.9,6104780
2025-05-14,61,61,59.9,60.1,4011491
2025-05-15,60.1,60.8,60,60.8,1640600
2025-05-16,60.5,62.7,60.5,62.5,3391882
2025-05-19,62.8,63.8,62.4,62.9,3169261
2025-05-20,62.9,64,62.8,63.8,2775732
2025-05-21,63.7,63.9,63.3,63.8,2231739
2025-05-22,63.8,65,62.8,63.9,5006407
2025-05-23,64.3,64.4,63.3,64.1,3341003
2025-05-26,64.2,66,63.9,65.7,8223245
2025-05-27,65.9,66.5,65,65.6,5534805
2025-05-28,65.4,66.2,64.6,65,2678526
2025-05-29,65.5,65.6,63.7,63.7,3712211
2025-06-02,63.5,64.2,63.4,63.9,2064840
2025-06-03,63.9,63.9,60.7,60.9,5050625
2025-06-04,60.9,61.7,60.9,61.5,2036857
2025-06-05,61.2,61.8,61.2,61.4,1156218
2025-06-06,61.5,61.9,60.8,61,947008
2025-06-09,61.1,61.5,60.5,60.7,1215830
2025-06-10,60.9,60.9,59.6,60.6,2647059
2025-06-11,60.3,61.3,60.3,61,1169085
2025-06-12,61.3,61.8,60.8,61.6,1101949
2025-06-13,61.2,61.7,60.8,61,2104558
2025-06-16,61.1,62.1,61.1,62,1280007
2025-06-17,62.2,62.2,61.1,61.5,1511993
2025-06-18,61.9,62.1,60.9,60.9,1749797
2025-06-19,60.4,60.5,60,60,1817062
2025-06-20,59.8,60.4,59.3,60.1,2072448
2025-06-23,59.7,60.6,59.6,60.5,1833293
2025-06-24,60.9,61.7,60.5,61.5,1850645
2025-06-25,61.7,62.1,61.4,62,1934650
2025-06-26,62.2,64,62.2,63.9,3349678
2025-06-27,64.1,66.2,63.7,65.8,7296505
2025-06-30,66.3,66.9,65.5,65.9,5492916
2025-07-01,66.2,66.2,65,65.9,2017685
2025-07-02,65.8,66.2,65.3,66.2,1648033
2025-07-03,66.2,66.4,65.5,66,1278556
2025-07-04,66,66.2,65.3,66,1634615
2025-07-07,66,66.6,64.9,65.2,2549717
2025-07-08,65.5,65.6,63.3,63.6,2249118
2025-07-09,64.1,64.4,63.2,63.6,1150853
2025-07-10,63.4,63.8,62.7,63.6,1431781
2025-07-11,63.6,63.8,62.8,63.3,1835866
2025-07-14,63.3,63.5,62.7,62.7,1168751
2025-07-15,62.6,63.2,62.6,63.1,1085211
2025-07-16,62.9,63.9,62.5,62.6,2757877
2025-07-17,63,63.7,62.5,63.7,3576149
2025-07-18,64.1,64.1,62,62.7,5845308
2025-07-21,62.7,63.4,61.6,62,5983378
2025-07-22,62,62,60.6,61.2,5078751
2025-07-23,61.4,62.2,61.2,62.1,2529479
2025-07-24,62.7,62.8,61.6,61.9,2835114
2025-07-25,61.7,62.4,61.2,62.3,2676853
2025-07-28,62.3,62.4,61.5,62.1,1707992
2025-07-29,62.1,62.3,61.5,61.7,1759932
2025-07-30,61.7,62.1,61.6,61.7,1233547
2025-07-31,61.6,61.8,60.7,61,2733710
2025-08-01,60.6,61.5,60.4,61.2,1459699
2025-08-04,60.8,61.9,60.4,61.8,3308827
2025-08-05,62,62.5,61.8,62.1,3382197
2025-08-06,62.1,62.2,61.5,61.8,3139573
2025-08-07,63.8,63.8,60.8,61.1,7453962
2025-08-08,58,58.1,56.8,57.1,9332665
2025-08-11,57,57,54.3,55,8250268
2025-08-12,54.3,55,54.1,54.5,4079916
2025-08-13,54.6,54.8,54.3,54.4,2662960
2025-08-14,54.5,55.1,54.4,54.9,2171534
2025-08-15,55,55.1,54.1,54.3,2823089
2025-08-18,54.3,54.8,53.8,53.9,3194857
2025-08-19,53.8,53.9,53.4,53.5,2396617
2025-08-20,53.6,53.6,52.9,53.5,2637770
2025-08-21,53.5,54.1,53.5,54,2020787
2025-08-22,53.9,53.9,53.4,53.5,1675866
2025-08-25,53.7,53.7,53.1,53.3,1839621
2025-08-26,53.7,53.7,53,53,1775003
2025-08-27,53.1,53.9,53.1,53.6,1276081
2025-08-28,53.7,53.7,53.2,53.4,1016597
2025-08-29,53.6,53.7,52.9,53.1,2233423
2025-09-01,53,53.4,53,53.1,1022524
2025-09-02,53.2,53.6,53.1,53.4,1145517
2025-09-03,53.4,53.4,53,53.2,1384062
2025-09-04,53.2,53.6,53.2,53.5,572581
2025-09-05,53.6,53.6,53.1,53.1,1028282
2025-09-08,53.1,53.5,53,53.3,888669
2025-09-09,53.4,53.5,53.2,53.4,861623
2025-09-10,53.3,53.5,53,53.2,1495929
2025-09-11,53.2,53.4,53.1,53.1,1229849
2025-09-12,53.1,53.3,53,53.1,1510963
2025-09-15,53.3,53.7,53.2,53.2,1374881
2025-09-16,53.4,53.6,52.9,52.9,1914785
2025-09-17,53,53.3,52.7,52.7,2547012
2025-09-18,52.9,53,52.4,52.4,1852725
2025-09-19,52.4,52.9,52.2,52.9,2023880
2025-09-22,53,53.1,52.5,52.7,1612305
2025-09-23,52.6,52.6,51.8,52,2318487
2025-09-24,52,52.6,52,52,1626435
2025-09-25,52.5,52.7,52,52.2,1351259
2025-09-26,52.2,52.3,51.7,51.7,2278897
2025-09-30,52,52.3,51.7,51.8,2071909
2025-10-01,51.8,52,51.3,51.3,1899943
2025-10-02,51.3,51.4,50.9,51.1,1802837
2025-10-03,51.1,51.6,51.1,51.3,1311189
2025-10-07,51.3,51.5,51.2,51.3,1386288
2025-10-08,51.3,51.7,51.2,51.2,1438169
2025-10-09,51.2,51.6,51.1,51.4,961445
2025-10-13,51.3,51.5,50.4,51.4,1779809
2025-10-14,51.4,52.1,51.4,51.6,2581730
2025-10-15,51.7,52.3,51.4,52.3,2475378
2025-10-16,52.4,52.5,51.5,51.5,2460794
2025-10-17,51.5,52.1,51.5,51.5,2341311
2025-10-20,51.9,52.2,51.3,51.6,1349968
2025-10-21,51.8,52.1,51.6,51.6,1202068
2025-10-22,51.6,56,50.6,55.5,20769866
2025-10-23,58,59.8,54.1,54.2,34982036
2025-10-27,56.5,56.6,54.6,54.8,9786429
2025-10-28,54.6,54.6,52.5,53.2,5412852
2025-10-29,53,53.1,51.7,52.2,5039276
2025-10-30,52.2,52.3,51.6,52,2841327
2025-10-31,52.3,52.5,51.9,52,2073611
2025-11-03,52.1,53,52.1,52.7,2389645
2025-11-04,52.8,53.7,52.8,53.6,3236743
2025-11-05,53.6,53.6,52.9,53.6,1886713
2025-11-06,53.7,53.7,53.2,53.7,1893472
2025-11-07,53.5,54,53.3,53.7,1651348
2025-11-10,53.9,54.3,52.8,53,2325926
2025-11-11,53.1,53.4,52.6,52.8,1476361
2025-11-12,53,53.5,53,53.3,1807640
2025-11-13,53.6,53.6,52.7,52.7,1250125
2025-11-14,52.7,53.2,52,52.5,1083445
2025-11-17,52.9,52.9,52.1,52.4,1500462
2025-11-18,52.1,52.5,51.4,51.8,2583928
2025-11-19,52.2,52.2,51,51,2914179
2025-11-20,51.2,51.9,51.2,51.7,1098380
2025-11-21,51.7,51.9,51.1,51.1,1629457
2025-11-24,51.2,51.8,51.2,51.5,1145166
2025-11-25,51.5,52,51.4,51.8,702726
2025-11-26,51.8,52.4,51.8,52.3,1106249
2025-11-27,52,52.3,51.7,52,1821406
2025-11-28,52.1,52.4,52,52,944522
2025-12-01,53,53.5,52.4,52.5,1278773
2025-12-02,52.7,52.7,52.3,52.7,811851
2025-12-03,52.9,52.9,52.4,52.4,727806
2025-12-04,52.5,52.8,52.3,52.3,933367
2025-12-05,52.7,52.7,52.2,52.6,595966
2025-12-08,52.8,52.8,51.8,51.8,1183904
2025-12-09,51.8,51.9,51.3,51.8,1359289
2025-12-10,51.7,51.9,51.6,51.6,628187
2025-12-11,52,52,51.4,51.5,1001804
2025-12-12,51.9,51.9,51.5,51.5,957537
2025-12-15,51.6,51.8,51.4,51.4,924369
2025-12-16,51.4,51.4,50.6,51.2,3264598
2025-12-17,51.3,51.5,50.8,50.8,2744772
2025-12-18,50.8,51.1,50.6,50.6,2563220
2025-12-19,50.7,51.7,50.6,51.6,2757394
2025-12-22,51.6,51.6,51,51.1,1811133
2025-12-23,51.1,51.4,50.9,50.9,1073123
2025-12-24,50.9,51.3,50.9,50.9,952560
2025-12-26,50.9,51.1,50.7,50.7,1589385
2025-12-29,51,51.5,51,51.4,943447
2025-12-30,51.4,51.4,51,51,681157
2025-12-31,51,51.3,50.9,50.9,1046342
2026-01-02,51,51.5,51,51.3,795853
2026-01-05,51.5,51.6,51.2,51.4,1271575
2026-01-06,51.5,51.5,51,51.2,1271995
2026-01-07,51.2,51.6,51.1,51.4,826097
2026-01-08,51.3,51.7,51.3,51.3,1035497
2026-01-09,51.3,51.7,51.2,51.2,830110
2026-01-12,51.5,51.8,51.4,51.6,1001751
2026-01-13,51.8,52.5,51.5,51.7,2585352
2026-01-14,52,52.1,51.8,51.8,1203559
2026-01-15,51.8,52.4,51.8,52.4,971524
2026-01-16,52.5,52.5,52,52.2,1185524
2026-01-19,52,53,51.9,52.3,2078427
2026-01-20,52.1,52.5,52,52.1,972744
2026-01-21,52.2,52.3,52,52.2,1188889
2026-01-22,52.2,52.5,52.1,52.4,1220771
2026-01-23,52.5,52.6,52.1,52.3,820559
2026-01-26,52.3,52.6,52.1,52.3,1221195
2026-01-27,52.4,53,51.6,51.7,2526175
2026-01-28,51.8,51.9,50.9,51.5,2641296
2026-01-29,51.6,52.1,51.2,51.7,1754428
2026-01-30,52,52,50.9,50.9,1881969
2026-02-02,50.9,51,50.4,50.7,2129249
2026-02-03,50.9,51.1,50.6,50.7,1522494
2026-02-04,50.7,51.2,50.6,51,1740406
2026-02-05,51,51.6,51,51.3,1478410
2026-02-06,51.3,51.3,50.5,50.9,1730039
2026-02-09,51.2,51.2,50.7,50.7,1877662
2026-02-10,50.7,51,50.5,50.9,1568194
2026-02-11,51.1,51.5,51,51.4,1552621
2026-02-23,51.8,52,51.4,51.6,2351461
2026-02-24,51.9,51.9,51.3,51.3,1587604
2026-02-25,51.3,51.4,51,51.1,1587268
2026-02-26,51.2,51.3,50.9,50.9,1917185
2026-03-02,50.8,51.6,50.6,51.4,1421973
2026-03-03,51.3,51.4,51,51.2,1096903
2026-03-04,51.1,51.1,50.4,50.4,2658218
2026-03-05,50.8,51.1,50.4,50.4,1820197
2026-03-06,50.5,51.5,50.2,51.3,1496544
2026-03-09,50.4,51.6,50.4,51.3,2481267
2026-03-10,51.5,51.8,51.2,51.4,1284725
2026-03-11,51.5,52.1,51.5,51.7,2118069
2026-03-12,52.3,53.7,52.3,52.9,4588110
2026-03-13,52.9,53.4,52.7,52.9,2324368
2026-03-16,52.9,53.7,52.8,53.7,2429003
2026-03-17,54,54.2,53.4,54.1,3180585
2026-03-18,54.3,54.5,53.5,53.5,2323822
2026-03-19,53.5,53.6,52.8,53.1,2640866
2026-03-20,53.1,53.9,53.1,53.8,1857067
2026-03-23,53,54.3,52.8,54,2316406
2026-03-24,54.3,54.3,53.7,53.9,1591437
2026-03-25,54.3,54.3,53.1,53.8,2279376
2026-03-26,54.2,54.3,53.7,54,1552106
2026-03-27,54.2,54.6,54,54.3,3365872
2026-03-30,54.2,54.6,54,54.5,1751883
2026-03-31,54.8,54.9,54.1,54.3,1933206
2026-04-01,54.7,54.7,53.8,54.6,1832866
2026-04-02,54.6,55.2,54.3,54.7,2293512
2026-04-07,55.2,56,54.7,54.9,3200704
2026-04-08,55.3,55.5,54.3,54.5,2607128
2026-04-09,54.8,54.8,54.1,54.4,1356819
2026-04-10,54.2,55.1,54.2,54.3,1268840
2026-04-13,54.5,55.5,54.4,55.1,3016829
2026-04-14,55.2,55.2,54.2,54.2,2606485
2026-04-15,54.2,54.9,54.2,54.8,2400956
2026-04-16,55.1,55.5,54.6,54.8,1896255
2026-04-17,54.9,54.9,54.2,54.2,1918463
2026-04-20,54.2,55,53.6,55,3671170
2026-04-21,55,55.1,54,54.1,3476274
2026-04-22,54.1,54.1,53.6,54.1,2897933
2026-04-23,54.1,54.1,53.1,53.6,3510705
2026-04-24,53.6,53.6,53.1,53.1,2082441
2026-04-27,53.1,53.7,52.7,53.7,2123426
2026-04-28,53.7,54.3,53.5,54.1,1126080
2026-04-29,54.2,54.3,53.5,53.7,1280179
2026-04-30,53.8,53.8,53.2,53.4,1675829
2026-05-04,53.4,53.4,52.4,52.6,3276791
2026-05-05,52.6,52.6,52.1,52.4,1881368
2026-05-06,52.4,52.4,51.8,52,2593678
2026-05-07,52,52.5,51.9,52.3,1287351
2026-05-08,52.2,52.9,52.2,52.9,1921851
2026-05-11,52.8,53,52.1,52.3,2608180
2026-05-12,52.3,52.6,52,52.1,2474523
2026-05-13,52.1,52.5,52,52.3,1705869
2026-05-14,52.3,52.9,52.3,52.6,1734524
2026-05-15,52.6,53.2,52.6,52.9,2142428
2026-05-18,52.9,53.4,52.5,52.8,1932609
2026-05-19,53,54.1,53,53.5,2553880
2026-05-20,53.5,53.6,52.8,53,1669943
